Name,Code,Category,ticker
BARAKAH [s],7251,"Energy, Infrastructure, Equipment & Services",7251.KL
CARLSBG,2836,Food & Beverages,2836.KL
HEIM,3255,Food & Beverages,3255.KL
NESTLE [s],4707,Food & Beverages,4707.KL
AAX [s],5238,"Travel, Leisure & Hospitality",5238.KL
SEM,5250,Retailers,5250.KL
UCHITEC [s],7100,"Industrial Materials, Components & Equipment",7100.KL
AZRB [s],7078,Construction,7078.KL
IDBTECH,3030,Software,3030.KL
AJI [s],2658,Food & Beverages,2658.KL
EATECH [s],5259,Transportation & Logistics Services,5259.KL
BAT,4162,Personal Goods,4162.KL
SLIC,3008,Digital Services,3008.KL
JASKITA,8648,"Industrial Materials, Components & Equipment",8648.KL
EUROSP [s],7094,Houshold Goods,7094.KL
POLYDM [s],3031,"Industrial Materials, Components & Equipment",3031.KL
AMWAY [s],6351,Retailers,6351.KL
CRESNDO [s],6718,Property,6718.KL
ENEST [s],3025,Consumer Services,3025.KL
BURSA [s],1818,Other Financials,1818.KL
NPS [s],3006,Pharmaceuticals,3006.KL
PARAGON [s],9407,Houshold Goods,9407.KL
MFGROUP [s],3015,Consumer Services,3015.KL
M&G [s],5078,Transportation & Logistics Services,5078.KL
BAUTO [s],5248,Automotive,5248.KL
SMRT [s],117,Digital Services,117.KL
RPLANET,3036,Digital Services,3036.KL
HUMEIND [s],5000,Building Materials,5000.KL
WELLCAL [s],7231,"Industrial Materials, Components & Equipment",7231.KL
HUPSENG [s],5024,Food & Beverages,5024.KL
ADB,276,Software,276.KL
BNASTRA [s],7195,Construction,7195.KL
GASMSIA [s],5209,"Gas, Water & Multi-Utilities",5209.KL
MRDIY [s],5296,Retailers,5296.KL
TPC [s],7176,Agricultural Products,7176.KL
KEYFIELD [s],5321,"Energy, Infrastructure, Equipment & Services",5321.KL
INFOTEC [s],253,Digital Services,253.KL
FBBHD [s],3026,Industrial Services,3026.KL
ALPHA,303,Health Care Providers,303.KL
LSH [s],3047,Construction,3047.KL
SENFONG [s],5308,Industrial Services,5308.KL
HEXTAR [s],5151,Chemicals,5151.KL
KGB [s],151,Industrial Engineering,151.KL
DSONIC [s],5216,Digital Services,5216.KL
CUSCAPI [s],51,Software,51.KL
SDS [s],212,Food & Beverages,212.KL
FOCUSP [s],157,Personal Goods,157.KL
UTDPLT [s],2089,Plantation,2089.KL
PECCA [s],5271,Auto Parts,5271.KL
MYEG [s],138,Digital Services,138.KL
ICTZONE [s],3038,Technology Equipment,3038.KL
PWRWELL,217,"Industrial Materials, Components & Equipment",217.KL
WPRTS [s],5246,Transportation & Logistics Services,5246.KL
REDTONE [s],32,Telecommunications Service Providers,32.KL
CLOUDPT [s],277,Digital Services,277.KL
CHB [s],291,Industrial Services,291.KL
ASTRA,3032,Food & Beverages,3032.KL
LFECORP [s],7170,Industrial Engineering,7170.KL
APOLLO [s],6432,Food & Beverages,6432.KL
INFOM [s],265,Technology Equipment,265.KL
EDEN [s],7471,Electricity,7471.KL
HEGROUP [s],296,Industrial Services,296.KL
CTOS [s],5301,Digital Services,5301.KL
SYNERGY [s],279,Houshold Goods,279.KL
REXIT,106,Software,106.KL
DXN [s],5318,Retailers,5318.KL
LTKM [s],7085,Agricultural Products,7085.KL
JISHAN [s],3040,Packaging Materials,3040.KL
SSB8 [s],45,Construction,45.KL
DYNAFNT,3046,Software,3046.KL
ZELAN [s],2283,Construction,2283.KL
DAYANG [s],5141,"Energy, Infrastructure, Equipment & Services",5141.KL
CARIMIN [s],5257,"Energy, Infrastructure, Equipment & Services",5257.KL
SENDAI [s],5205,Construction,5205.KL
INNO [s],6262,Plantation,6262.KL
PERDANA [s],7108,"Energy, Infrastructure, Equipment & Services",7108.KL
CCK [s],7035,Food & Beverages,7035.KL
LAYHONG [s],9385,Agricultural Products,9385.KL
KENERGY [s],307,"Industrial Materials, Components & Equipment",307.KL
SCICOM,99,Industrial Services,99.KL
SUNCON [s],5263,Construction,5263.KL
FRONTKN [s],128,Semiconductors,128.KL
ITMAX [s],5309,Digital Services,5309.KL
SPTOTO,1562,"Travel, Leisure & Hospitality",1562.KL
SIME [s],4197,Automotive,4197.KL
MAXIS [s],6012,Telecommunications Service Providers,6012.KL
HLIND [s],3301,Automotive,3301.KL
GPHAROS [s],5649,Wood & Wood Products,5649.KL
PENERGY [s],5133,"Energy, Infrastructure, Equipment & Services",5133.KL
GFM [s],39,Industrial Services,39.KL
WASCO [s],5142,"Energy, Infrastructure, Equipment & Services",5142.KL
PMETAL [s],8869,Metals,8869.KL
OPTIMAX [s],222,Health Care Providers,222.KL
TAKAFUL [s],6139,Insurance,6139.KL
TM [s],4863,Telecommunications Service Providers,4863.KL
EQ8US50 [s],0827EA,Equity Fund,0827EA.KL
DLADY [s],3026,Food & Beverages,3026.KL
VLB [s],273,Construction,273.KL
KMLOONG [s],5027,Plantation,5027.KL
MOBILIA [s],229,Houshold Goods,229.KL
PTRB [s],260,Food & Beverages,260.KL
SFPTECH [s],251,Semiconductors,251.KL
EPICON [s],4847,Construction,4847.KL
SUNMOW [s],3050,Construction,3050.KL
PETDAG [s],5681,Retailers,5681.KL
GREATEC [s],208,Technology Equipment,208.KL
BETA [s],263,Auto Parts,263.KL
PAM-A40M,0822EA,Equity Fund,0822EA.KL
ARK [s],7007,Property,7007.KL
SOLID [s],5242,Automotive,5242.KL
RSAWIT [s],5113,Plantation,5113.KL
YTLPOWR,6742,"Gas, Water & Multi-Utilities",6742.KL
LPI,8621,Insurance,8621.KL
LBS [s],5789,Property,5789.KL
TEOSENG [s],7252,Agricultural Products,7252.KL
DELEUM [s],5132,"Energy, Infrastructure, Equipment & Services",5132.KL
SIGN [s],7246,Houshold Goods,7246.KL
INTA [s],192,Construction,192.KL
99SMART,5326,Retailers,5326.KL
GOLDETF [s],0828EA,Commodity Fund,0828EA.KL
LHI,6633,Agricultural Products,6633.KL
OFI [s],7107,Food & Beverages,7107.KL
XOXTECH [s],17,Telecommunications Equipment,17.KL
KRETAM [s],1996,Plantation,1996.KL
MMIS [s],3027,"Industrial Materials, Components & Equipment",3027.KL
YINSON,7293,"Energy, Infrastructure, Equipment & Services",7293.KL
MAGNI [s],7087,Personal Goods,7087.KL
FEYTECH [s],5322,Auto Parts,5322.KL
MBL [s],5152,"Industrial Materials, Components & Equipment",5152.KL
SCGBHD [s],225,"Industrial Materials, Components & Equipment",225.KL
F&N [s],3689,Food & Beverages,3689.KL
MNRB,6459,Insurance,6459.KL
QL [s],7084,Agricultural Products,7084.KL
BIG [s],7005,Diversified Industrials,7005.KL
LAGENDA [s],7179,Property,7179.KL
MY-MOMETF,0836EA,Equity Fund,0836EA.KL
MBMR [s],5983,Automotive,5983.KL
VSTECS [s],5162,Technology Equipment,5162.KL
HTPADU [s],5028,Digital Services,5028.KL
ABLEGLOB [s],7167,Food & Beverages,7167.KL
KITACON [s],5310,Construction,5310.KL
JTGROUP [s],292,Construction,292.KL
TAS [s],5149,Transportation Equipment,5149.KL
IDEAL [s],9687,Property,9687.KL
MNHLDG [s],245,Construction,245.KL
HIBISCS [s],5199,Oil & Gas Producers,5199.KL
OPENSYS [s],40,Software,40.KL
RCECAP [s],9296,Other Financials,9296.KL
TOPMIX [s],302,Building Materials,302.KL
FFB [s],5306,Food & Beverages,5306.KL
KOTRA [s],2,Pharmaceuticals,2.KL
KIALIM [s],6211,Building Materials,6211.KL
SERSOL [s],55,Chemicals,55.KL
MASTER [s],7029,Packaging Materials,7029.KL
FAJAR [s],7047,Construction,7047.KL
MFCB [s],3069,Electricity,3069.KL
MIKROMB [s],112,Technology Equipment,112.KL
L&PBHD [s],268,Industrial Services,268.KL
SCIENTX [s],4731,Packaging Materials,4731.KL
PANDA [s],290,Software,290.KL
HAWK [s],320,"Energy, Infrastructure, Equipment & Services",320.KL
MTEC [s],295,"Industrial Materials, Components & Equipment",295.KL
ASTRO,6399,Media,6399.KL
SKBSHUT [s],7115,Building Materials,7115.KL
EG [s],8907,"Industrial Materials, Components & Equipment",8907.KL
AGMO [s],258,Software,258.KL
PETGAS [s],6033,"Gas, Water & Multi-Utilities",6033.KL
AURORA [s],3037,Personal Goods,3037.KL
POHKONG [s],5080,Retailers,5080.KL
AEONCR,5139,Other Financials,5139.KL
JETSON [s],9083,Auto Parts,9083.KL
UUE [s],310,Construction,310.KL
UTAMA [s],3043,Building Materials,3043.KL
ALLIANZ,1163,Insurance,1163.KL
MPSOL [s],3019,Consumer Services,3019.KL
FAREAST [s],5029,Plantation,5029.KL
LGMS [s],249,Digital Services,249.KL
PA [s],7225,Metals,7225.KL
SNS [s],259,Technology Equipment,259.KL
DFX,131,Digital Services,131.KL
KERJAYA [s],7161,Construction,7161.KL
FPHB [s],304,Consumer Services,304.KL
DAY3 [s],281,Consumer Services,281.KL
RGB,37,"Travel, Leisure & Hospitality",37.KL
FPI [s],9172,Houshold Goods,9172.KL
IOICORP [s],1961,Plantation,1961.KL
RGS [s],3052,Industrial Services,3052.KL
CIHLDG [s],2828,Food & Beverages,2828.KL
PBBANK,1295,Banking,1295.KL
INGENIEU [s],5178,Metals,5178.KL
YTL,4677,"Gas, Water & Multi-Utilities",4677.KL
ELRIDGE [s],318,Industrial Services,318.KL
PPHB [s],8273,Packaging Materials,8273.KL
DKSH [s],5908,Consumer Services,5908.KL
KPJ [s],5878,Health Care Providers,5878.KL
NATGATE [s],270,"Industrial Materials, Components & Equipment",270.KL
PEKAT [s],233,Industrial Services,233.KL
GCB [s],5102,Food & Beverages,5102.KL
TOMEI [s],7230,Retailers,7230.KL
SAMAIDEN [s],223,Industrial Services,223.KL
KUCINGKO,315,Media,315.KL
UMC [s],256,Health Care Equipment & Services,256.KL
RAMSSOL [s],236,Software,236.KL
CCIB,3053,Consumer Services,3053.KL
SANCY [s],3057,Software,3057.KL
UCREST [s],5,Technology Equipment,5.KL
PWF [s],7134,Agricultural Products,7134.KL
WMG,6378,Property,6378.KL
CHINHIN [s],5273,Building Materials,5273.KL
AWC [s],7579,Industrial Services,7579.KL
SLVEST [s],215,Industrial Services,215.KL
MCLEAN [s],167,Industrial Services,167.KL
GDB [s],198,Construction,198.KL
SKPRES [s],7155,"Industrial Materials, Components & Equipment",7155.KL
SPRITZER [s],7103,Food & Beverages,7103.KL
GENETEC [s],104,Technology Equipment,104.KL
CIMB,1023,Banking,1023.KL
KLCI1XI,0835EA,",",0835EA.KL
UNIQUE [s],257,Industrial Services,257.KL
ANCOMNY [s],4758,Chemicals,4758.KL
MATRIX [s],5236,Property,5236.KL
SOP [s],5126,Plantation,5126.KL
HARBOUR,2062,Transportation & Logistics Services,2062.KL
JCBNEXT,58,Industrial Services,58.KL
CAB [s],7174,Agricultural Products,7174.KL
HLBANK,5819,Banking,5819.KL
EDARAN [s],5036,Technology Equipment,5036.KL
HOMERIZ [s],5160,Houshold Goods,5160.KL
MAYBANK,1155,Banking,1155.KL
HLFG,1082,Banking,1082.KL
AIRPORT,5014,Transportation & Logistics Services,5014.KL
MCEHLDG [s],7004,Auto Parts,7004.KL
KSL [s],5038,Property,5038.KL
BMGREEN [s],168,"Industrial Materials, Components & Equipment",168.KL
YGL [s],86,Software,86.KL
PANTECH [s],5125,Metals,5125.KL
OIB [s],5827,Property,5827.KL
NOTION [s],83,Technology Equipment,83.KL
HIAPTEK [s],5072,Metals,5072.KL
KFIMA [s],6491,Diversified Industrials,6491.KL
AVALAND [s],5182,Property,5182.KL
EMCC,286,Other Financials,286.KL
SWKPLNT [s],5135,Plantation,5135.KL
AHEALTH,7090,Pharmaceuticals,7090.KL
DIALOG [s],7277,"Energy, Infrastructure, Equipment & Services",7277.KL
CENGILD [s],243,Health Care Providers,243.KL
PIE [s],7095,"Industrial Materials, Components & Equipment",7095.KL
AMBANK,1015,Banking,1015.KL
IFCAMSC [s],23,Software,23.KL
CDB [s],6947,Telecommunications Service Providers,6947.KL
BINTAI [s],6998,Industrial Engineering,6998.KL
BPPLAS [s],5100,Packaging Materials,5100.KL
REX [s],9946,Food & Beverages,9946.KL
MGB [s],7595,Construction,7595.KL
VS [s],6963,"Industrial Materials, Components & Equipment",6963.KL
ABMB,2488,Banking,2488.KL
IGBB,5606,Property,5606.KL
PENTA [s],7160,Technology Equipment,7160.KL
ARMADA [s],5210,"Energy, Infrastructure, Equipment & Services",5210.KL
DANCO [s],5276,"Industrial Materials, Components & Equipment",5276.KL
T7GLOBAL [s],7228,"Energy, Infrastructure, Equipment & Services",7228.KL
TSA [s],297,Metals,297.KL
CHINTEK,1929,Plantation,1929.KL
PAVREIT,5212,Real Estate Investment Trusts,5212.KL
GESHEN [s],7197,"Industrial Materials, Components & Equipment",7197.KL
SAMCHEM [s],5147,Chemicals,5147.KL
CEKD [s],238,"Industrial Materials, Components & Equipment",238.KL
AME [s],5293,Construction,5293.KL
VELESTO [s],5243,"Energy, Infrastructure, Equipment & Services",5243.KL
EFRAME [s],227,Building Materials,227.KL
PWROOT [s],7237,Food & Beverages,7237.KL
MAYBULK,5077,Transportation & Logistics Services,5077.KL
JTIASA [s],4383,Plantation,4383.KL
PTRANS [s],186,"Travel, Leisure & Hospitality",186.KL
TIMECOM [s],5031,Telecommunications Service Providers,5031.KL
SDG [s],5285,Plantation,5285.KL
EUPE [s],6815,Property,6815.KL
IHH [s],5225,Health Care Providers,5225.KL
PESONA [s],8311,Construction,8311.KL
MKHOP [s],5319,Plantation,5319.KL
3A [s],12,Food & Beverages,12.KL
TEXCYCL [s],89,Industrial Services,89.KL
TAANN [s],5012,Plantation,5012.KL
VITROX [s],97,Semiconductors,97.KL
HIL [s],8443,Chemicals,8443.KL
DSS [s],269,Packaging Materials,269.KL
LEESK [s],8079,Houshold Goods,8079.KL
TALIWRK [s],8524,"Gas, Water & Multi-Utilities",8524.KL
RHBBANK,1066,Banking,1066.KL
YOCB [s],5159,Houshold Goods,5159.KL
AZAMJAYA [s],5329,Construction,5329.KL
ORGABIO [s],252,Food & Beverages,252.KL
ATECH [s],5302,"Industrial Materials, Components & Equipment",5302.KL
AMEREIT [s],5307,Real Estate Investment Trusts,5307.KL
LBALUM [s],9326,Metals,9326.KL
TSRCAP [s],5042,Construction,5042.KL
SEALINK [s],5145,Transportation Equipment,5145.KL
INARI [s],166,Semiconductors,166.KL
BTECH [s],11,"Gas, Water & Multi-Utilities",11.KL
HLCAP,5274,Other Financials,5274.KL
RGTECH [s],202,Digital Services,202.KL
PPJACK,242,Other Financials,242.KL
IGBREIT,5227,Real Estate Investment Trusts,5227.KL
KTC [s],180,Consumer Services,180.KL
SET,337,",",337.KL
WELLCHIP,5325,Other Financials,5325.KL
ULICORP [s],7133,"Industrial Materials, Components & Equipment",7133.KL
SYGROUP [s],5173,Transportation & Logistics Services,5173.KL
IOIPG,5249,Property,5249.KL
CREST [s],323,Industrial Services,323.KL
MANULFE,1058,Insurance,1058.KL
BIPORT [s],5032,Transportation & Logistics Services,5032.KL
ZECON [s],7028,Construction,7028.KL
KAB [s],193,Industrial Engineering,193.KL
LOTUSCIR [s],7234,Personal Goods,7234.KL
SUPERLN [s],7235,Building Materials,7235.KL
ARANK [s],7214,Metals,7214.KL
MPI [s],3867,Semiconductors,3867.KL
HAILY [s],237,Construction,237.KL
SKYWLD [s],5315,Property,5315.KL
ATRIUM,5130,Real Estate Investment Trusts,5130.KL
MHC [s],5026,Plantation,5026.KL
FLEXI [s],231,Industrial Services,231.KL
YENHER,5300,Agricultural Products,5300.KL
TAFI [s],7211,Houshold Goods,7211.KL
NAIM [s],5073,Property,5073.KL
SPRING [s],216,Houshold Goods,216.KL
DPHARMA [s],7148,Pharmaceuticals,7148.KL
PRTASCO [s],5070,Construction,5070.KL
AGX [s],299,Transportation & Logistics Services,299.KL
LYSAGHT,9199,Metals,9199.KL
GLXT [s],284,Industrial Services,284.KL
CABNET [s],191,Technology Equipment,191.KL
PADINI [s],7052,Retailers,7052.KL
UZMA [s],7250,"Energy, Infrastructure, Equipment & Services",7250.KL
KPPROP [s],7077,Property,7077.KL
SUNWAY [s],5211,Diversified Industrials,5211.KL
SUNREIT,5176,Real Estate Investment Trusts,5176.KL
THPLANT [s],5112,Plantation,5112.KL
MERSEC,285,Other Financials,285.KL
PANAMY,3719,Houshold Goods,3719.KL
MSC [s],5916,Metals,5916.KL
GENM,4715,"Travel, Leisure & Hospitality",4715.KL
PBA [s],5041,"Gas, Water & Multi-Utilities",5041.KL
DKLS [s],7528,Construction,7528.KL
TGL [s],9369,Personal Goods,9369.KL
TECGUAN,7439,Agricultural Products,7439.KL
MHB [s],5186,"Energy, Infrastructure, Equipment & Services",5186.KL
OSK,5053,Property,5053.KL
AMTEL [s],7031,Telecommunications Equipment,7031.KL
TASCO [s],5140,Transportation & Logistics Services,5140.KL
SHL,6017,Property,6017.KL
IRIS [s],10,Software,10.KL
JKGLAND [s],6769,Property,6769.KL
RHONEMA,5278,Agricultural Products,5278.KL
IBRACO [s],5084,Property,5084.KL
FM [s],7210,Transportation & Logistics Services,7210.KL
INNATURE [s],5295,Personal Goods,5295.KL
ELKDESA,5228,Other Financials,5228.KL
MCEMENT [s],3794,Building Materials,3794.KL
TENAGA [s],5347,Electricity,5347.KL
YLI [s],7014,Metals,7014.KL
RANHILL [s],5272,"Gas, Water & Multi-Utilities",5272.KL
KLCC [s],5235SS,Real Estate Investment Trusts,5235SS.KL
DSR [s],3055,Plantation,3055.KL
QES [s],196,"Industrial Materials, Components & Equipment",196.KL
HSSEB [s],185,Industrial Engineering,185.KL
BIMB [s],5258,Banking,5258.KL
EPB [s],317,Industrial Services,317.KL
AEON [s],6599,Retailers,6599.KL
YSPSAH [s],7178,Pharmaceuticals,7178.KL
MTAG [s],213,Industrial Services,213.KL
PANSAR,8419,Building Materials,8419.KL
AXREIT [s],5106,Real Estate Investment Trusts,5106.KL
TGUAN [s],7034,Packaging Materials,7034.KL
NHFATT [s],7060,Automotive,7060.KL
UNIMECH [s],7091,"Industrial Materials, Components & Equipment",7091.KL
KAWAN [s],7216,Food & Beverages,7216.KL
SCOMNET [s],1,Health Care Equipment & Services,1.KL
HSPLANT [s],5138,Plantation,5138.KL
CLMT,5180,Real Estate Investment Trusts,5180.KL
MARCO,3514,Personal Goods,3514.KL
EDELTEQ [s],278,Technology Equipment,278.KL
SWIFT [s],5303,Transportation & Logistics Services,5303.KL
PLYTEC [s],289,Industrial Services,289.KL
SEB,5163,Industrial Engineering,5163.KL
EFORCE [s],65,Software,65.KL
MEDIA,4502,Media,4502.KL
VANZO [s],333,Personal Goods,333.KL
OCB [s],5533,Food & Beverages,5533.KL
D&O [s],7204,Semiconductors,7204.KL
MYTECH,7692,Metals,7692.KL
RAPID [s],7765,Property,7765.KL
YXPM [s],250,Personal Goods,250.KL
SCIPACK [s],8125,Packaging Materials,8125.KL
SAM [s],9822,"Industrial Materials, Components & Equipment",9822.KL
GOHUB [s],311,Software,311.KL
SAPIND [s],7811,Auto Parts,7811.KL
HAPSENG,3034,Diversified Industrials,3034.KL
TECHBND [s],5289,Chemicals,5289.KL
AUMAS [s],98,Metals,98.KL
WEGMANS [s],197,Houshold Goods,197.KL
LUXCHEM,5143,Chemicals,5143.KL
KJTS [s],293,Industrial Services,293.KL
DYNAMIC,3058,Software,3058.KL
KENANGA,6483,Other Financials,6483.KL
NOVA [s],201,Pharmaceuticals,201.KL
MISC [s],3816,Transportation & Logistics Services,3816.KL
KEINHIN [s],7199,Metals,7199.KL
JPG [s],5323,Plantation,5323.KL
JAYCORP [s],7152,Houshold Goods,7152.KL
MAHSING [s],8583,Property,8583.KL
ACME [s],7131,Property,7131.KL
PGF [s],8117,Building Materials,8117.KL
CENSOF [s],5195,Software,5195.KL
NGGB [s],7241,Industrial Services,7241.KL
YTLREIT,5109,Real Estate Investment Trusts,5109.KL
WENTEL [s],298,"Industrial Materials, Components & Equipment",298.KL
CATCHA,173,Media,173.KL
MESTRON [s],207,Metals,207.KL
ECOWLD [s],8206,Property,8206.KL
CHGP [s],7187,Transportation Equipment,7187.KL
SLP [s],7248,Packaging Materials,7248.KL
ASTINO [s],7162,Building Materials,7162.KL
HCK [s],7105,Property,7105.KL
AYER [s],2305,Property,2305.KL
ANALABS,7083,Industrial Services,7083.KL
TAMBUN [s],5191,Property,5191.KL
VERSATL [s],4995,Packaging Materials,4995.KL
APPASIA,119,Software,119.KL
KLUANG,2453,Plantation,2453.KL
BABA [s],3012,Houshold Goods,3012.KL
HEKTAR,5121,Real Estate Investment Trusts,5121.KL
SENTRAL,5123,Real Estate Investment Trusts,5123.KL
PDZ,6254,Transportation & Logistics Services,6254.KL
CRPMATE [s],331,Chemicals,331.KL
SORENTO [s],326,Houshold Goods,326.KL
CBIP [s],7076,"Industrial Materials, Components & Equipment",7076.KL
OKA [s],7140,Building Materials,7140.KL
FPGROUP [s],5277,"Industrial Materials, Components & Equipment",5277.KL
FCW,2755,Houshold Goods,2755.KL
KSENG,3476,Diversified Industrials,3476.KL
MI [s],5286,Technology Equipment,5286.KL
BONIA [s],9288,Personal Goods,9288.KL
MBSB [s],1171,Other Financials,1171.KL
MBRIGHT [s],2097,"Travel, Leisure & Hospitality",2097.KL
MAGNUM,3859,"Travel, Leisure & Hospitality",3859.KL
KIMLUN [s],5171,Construction,5171.KL
KPS [s],5843,Diversified Industrials,5843.KL
GOB [s],1147,Property,1147.KL
SUNVIEW [s],262,Industrial Services,262.KL
ALAQAR [s],5116,Real Estate Investment Trusts,5116.KL
ZHULIAN [s],5131,Consumer Services,5131.KL
LIIHEN [s],7089,Houshold Goods,7089.KL
TNLOGIS [s],8397,Transportation & Logistics Services,8397.KL
POHUAT,7088,Houshold Goods,7088.KL
GENP [s],2291,Plantation,2291.KL
FIBON,149,"Industrial Materials, Components & Equipment",149.KL
IJM [s],3336,Construction,3336.KL
KIPREIT,5280,Real Estate Investment Trusts,5280.KL
SIMEPROP [s],5288,Property,5288.KL
PARAMON [s],1724,Property,1724.KL
KUB [s],6874,Industrial Services,6874.KL
DOMINAN [s],7169,Wood & Wood Products,7169.KL
KARYON [s],54,Chemicals,54.KL
UMCCA [s],2593,Plantation,2593.KL
MENANG [s],1694,Property,1694.KL
AIMFLEX,209,Technology Equipment,209.KL
PETRONM [s],3042,Oil & Gas Producers,3042.KL
MUH,9539,Property,9539.KL
E&O [s],3417,Property,3417.KL
PPB [s],4065,Food & Beverages,4065.KL
ORIENT,4006,Automotive,4006.KL
MEGAFB,5327,"Industrial Materials, Components & Equipment",5327.KL
NPC [s],5047,Plantation,5047.KL
TSH [s],9059,Plantation,9059.KL
HM,60,Technology Equipment,60.KL
OSKVI,53,Other Financials,53.KL
LSTEEL [s],9881,Metals,9881.KL
HIGHTEC [s],7033,Industrial Engineering,7033.KL
UOADEV [s],5200,Property,5200.KL
ATLAN,7048,Retailers,7048.KL
DUFU [s],7233,"Industrial Materials, Components & Equipment",7233.KL
APM [s],5015,Auto Parts,5015.KL
HHHCORP [s],160,Industrial Services,160.KL
SUCCESS [s],7207,"Industrial Materials, Components & Equipment",7207.KL
LWSABAH [s],5328,Food & Beverages,5328.KL
KOBAY [s],6971,"Industrial Materials, Components & Equipment",6971.KL
KKB [s],9466,Industrial Engineering,9466.KL
UMS [s],7137,"Industrial Materials, Components & Equipment",7137.KL
FIMACOR [s],3107,Industrial Services,3107.KL
SBAGAN,2569,Plantation,2569.KL
SSF [s],287,Retailers,287.KL
PTT [s],7010,Property,7010.KL
KPSCB [s],9121,Wood & Wood Products,9121.KL
KHB [s],322,Auto Parts,322.KL
SPSETIA [s],8664,Property,8664.KL
TDM [s],2054,Plantation,2054.KL
MALPAC,4936,Plantation,4936.KL
NSOP,2038,Plantation,2038.KL
CEPAT [s],8982,Plantation,8982.KL
NCT [s],56,Property,56.KL
OPPSTAR [s],275,Semiconductors,275.KL
PGLOBE [s],3611,Property,3611.KL
ORNA [s],5065,Packaging Materials,5065.KL
BLDPLNT [s],5069,Plantation,5069.KL
M&A,7082,Other Financials,7082.KL
DPIH,205,Houshold Goods,205.KL
MAG [s],95,Food & Beverages,95.KL
SMART [s],306,Building Materials,306.KL
HHRG [s],175,"Industrial Materials, Components & Equipment",175.KL
CVIEW [s],5049,Property,5049.KL
TURBO,5167,"Industrial Materials, Components & Equipment",5167.KL
UMSNGB [s],7227,"Industrial Materials, Components & Equipment",7227.KL
KLK [s],2445,Plantation,2445.KL
UOAREIT,5110,Real Estate Investment Trusts,5110.KL
JCY [s],5161,Technology Equipment,5161.KL
BJCORP,3395,Diversified Industrials,3395.KL
XL [s],7121,Consumer Services,7121.KL
BDB [s],6173,Property,6173.KL
KAREX [s],5247,Personal Goods,5247.KL
BKAWAN [s],1899,Plantation,1899.KL
COSMOS [s],261,Industrial Services,261.KL
ZANTAT [s],301,Chemicals,301.KL
SJC [s],9431,Media,9431.KL
FSBM,9377,Technology Equipment,9377.KL
SEG [s],9792,Consumer Services,9792.KL
CYBERE [s],5166,Consumer Services,5166.KL
MKH [s],6114,Property,6114.KL
SCGM,7247,Packaging Materials,7247.KL
TELADAN [s],230,Property,230.KL
UWC [s],5292,Semiconductors,5292.KL
FGV [s],5222,Plantation,5222.KL
GAMUDA [s],5398,Construction,5398.KL
MYNEWS,5275,Retailers,5275.KL
SURIA [s],6521,Transportation & Logistics Services,6521.KL
EITA [s],5208,"Industrial Materials, Components & Equipment",5208.KL
PRESTAR [s],9873,Metals,9873.KL
SENHENG [s],5305,Retailers,5305.KL
GENTING,3182,"Travel, Leisure & Hospitality",3182.KL
CNERGEN [s],246,Technology Equipment,246.KL
KHIND [s],7062,Houshold Goods,7062.KL
GTRONIC [s],7022,Semiconductors,7022.KL
SUNZEN,148,Agricultural Products,148.KL
FAVCO [s],7229,Industrial Engineering,7229.KL
RESINTC [s],7232,Building Materials,7232.KL
PLABS,171,Agricultural Products,171.KL
ASIAFLE,7129,Consumer Services,7129.KL
METROD,6149,Metals,6149.KL
SRIDGE [s],129,Telecommunications Equipment,129.KL
CSCSTEL [s],5094,Metals,5094.KL
PMBTECH [s],7172,Metals,7172.KL
UNISEM [s],5005,Semiconductors,5005.KL
ANEKA [s],226,Construction,226.KL
GUOCO [s],1503,Property,1503.KL
AFFIN,5185,Banking,5185.KL
OFB [s],312,Food & Beverages,312.KL
TANCO [s],2429,Property,2429.KL
INSAS,3379,Other Financials,3379.KL
VOLCANO [s],232,Industrial Services,232.KL
PLENITU [s],5075,Property,5075.KL
SBH [s],300,Agricultural Products,300.KL
LEONFB [s],5232,Metals,5232.KL
KYM [s],8362,Packaging Materials,8362.KL
BESHOM,7668,Retailers,7668.KL
KUCHAI,2186,Other Financials,2186.KL
SDRED [s],2224,Property,2224.KL
ACO [s],218,Industrial Services,218.KL
FIAMMA [s],6939,Houshold Goods,6939.KL
CPETECH [s],5317,"Industrial Materials, Components & Equipment",5317.KL
WINSTAR [s],336,Metals,336.KL
ECOMATE [s],239,Houshold Goods,239.KL
TMCLIFE [s],101,Health Care Providers,101.KL
ECOFIRS [s],3557,Property,3557.KL
MSTGOLF [s],5316,Retailers,5316.KL
MELATI [s],5129,Construction,5129.KL
MRCB [s],1651,Property,1651.KL
YONGTAI [s],7066,Property,7066.KL
CAMRES [s],7128,Houshold Goods,7128.KL
OBHB [s],327,Food & Beverages,327.KL
AMFIRST,5120,Real Estate Investment Trusts,5120.KL
NESTCON [s],235,Construction,235.KL
MALTON [s],6181,Property,6181.KL
PCCS,6068,Personal Goods,6068.KL
K1 [s],111,Technology Equipment,111.KL
SCC [s],158,Consumer Services,158.KL
MYCRON [s],5087,Metals,5087.KL
SMISCOR [s],7132,Auto Parts,7132.KL
MAXIM [s],4022,Property,4022.KL
CMSB [s],2852,Building Materials,2852.KL
SHCHAN [s],4316,Plantation,4316.KL
SHANG,5517,"Travel, Leisure & Hospitality",5517.KL
IGBCR,5299,Real Estate Investment Trusts,5299.KL
PRKCORP [s],8346,Transportation & Logistics Services,8346.KL
PLINTAS [s],5320,",",5320.KL
FACBIND,2984,Metals,2984.KL
HPMT [s],5291,"Industrial Materials, Components & Equipment",5291.KL
RTSTECH [s],3039,Software,3039.KL
TRC,5054,Construction,5054.KL
ALSREIT [s],5269,Real Estate Investment Trusts,5269.KL
GMUTUAL [s],9962,Property,9962.KL
GLOTEC [s],5220,"Industrial Materials, Components & Equipment",5220.KL
3REN [s],328,Semiconductors,328.KL
SNOWFIT,3054,Houshold Goods,3054.KL
TURIYA [s],4359,Semiconductors,4359.KL
WELLS [s],271,Food & Beverages,271.KL
TIENWAH,7374,Industrial Services,7374.KL
TEKSENG [s],7200,Houshold Goods,7200.KL
ELSOFT,90,Technology Equipment,90.KL
MAYU [s],7099,Metals,7099.KL
OCK [s],172,Telecommunications Service Providers,172.KL
TRIMODE,199,Transportation & Logistics Services,199.KL
HEXIND [s],161,"Industrial Materials, Components & Equipment",161.KL
BCB [s],6602,Property,6602.KL
EPMB [s],7773,Auto Parts,7773.KL
WANGZNG,7203,Houshold Goods,7203.KL
BWYS [s],313,Metals,313.KL
KEN,7323,Property,7323.KL
METRO [s],329,Health Care Providers,329.KL
SHH [s],7412,Houshold Goods,7412.KL
IMASPRO,7222,Chemicals,7222.KL
MASTEEL [s],5098,Metals,5098.KL
SUNSURIA [s],3743,Property,3743.KL
KOSSAN [s],7153,Health Care Equipment & Services,7153.KL
CITAGLB [s],7245,Metals,7245.KL
GLOMAC [s],5020,Property,5020.KL
LIONPSIM [s],8486,Industrial Services,8486.KL
CETECH [s],3024,Industrial Services,3024.KL
HARISON,5008,Food & Beverages,5008.KL
LBICAP [s],8494,Property,8494.KL
JFTECH [s],146,Technology Equipment,146.KL
STRAITS [s],80,Transportation & Logistics Services,80.KL
APEX,5088,Other Financials,5088.KL
STAR [s],6084,Media,6084.KL
JAG [s],24,Industrial Services,24.KL
HPPHB [s],228,Packaging Materials,228.KL
AXIATA [s],6888,Telecommunications Service Providers,6888.KL
ASIAPAC [s],4057,Property,4057.KL
LEFORM [s],266,Metals,266.KL
EDGENTA [s],1368,Industrial Services,1368.KL
SAB [s],5134,Chemicals,5134.KL
SMETRIC,203,Software,203.KL
UNITRAD,247,Building Materials,247.KL
OCNCASH [s],49,Personal Goods,49.KL
DPS [s],7198,Property,7198.KL
TITIJYA [s],5239,Property,5239.KL
IBHD [s],4251,Property,4251.KL
PCHEM [s],5183,Chemicals,5183.KL
RADIUM [s],5313,Property,5313.KL
NE [s],325,"Industrial Materials, Components & Equipment",325.KL
SUPREME [s],330,Food & Beverages,330.KL
RGTBHD [s],9954,Chemicals,9954.KL
RKI [s],7006,Houshold Goods,7006.KL
CEB,5311,Diversified Industrials,5311.KL
BRIGHT,9938,Packaging Materials,9938.KL
VIZIONE [s],7070,Construction,7070.KL
MFLOUR [s],3662,Food & Beverages,3662.KL
TOPVISN [s],332,Health Care Providers,332.KL
WILLOW [s],8,Software,8.KL
S&FCAP [s],8745,Wood & Wood Products,8745.KL
VELOCITY,7165,Building Materials,7165.KL
HUBLINE [s],7013,Transportation & Logistics Services,7013.KL
OWG [s],5260,"Travel, Leisure & Hospitality",5260.KL
LAMBO,18,Software,18.KL
CARLORINO [s],335,Personal Goods,335.KL
EFFICEN,64,Industrial Services,64.KL
HEXZA,3298,Chemicals,3298.KL
ENGTEX [s],5056,Metals,5056.KL
HARTA [s],5168,Health Care Equipment & Services,5168.KL
RVIEW [s],2542,Plantation,2542.KL
ASIABRN [s],7722,Personal Goods,7722.KL
MULPHA,3905,"Travel, Leisure & Hospitality",3905.KL
MINHO [s],5576,Wood & Wood Products,5576.KL
SINKUNG [s],305,Transportation & Logistics Services,305.KL
TWL [s],7079,Property,7079.KL
WAJA [s],102,"Industrial Materials, Components & Equipment",102.KL
HUAYANG [s],5062,Property,5062.KL
AWANTEC [s],5204,Digital Services,5204.KL
HARNLEN [s],7501,Plantation,7501.KL
SCIB [s],9237,Building Materials,9237.KL
SASBADI [s],5252,Media,5252.KL
MSNIAGA [s],5011,Digital Services,5011.KL
TWRREIT,5111,Real Estate Investment Trusts,5111.KL
DRBHCOM [s],1619,Automotive,1619.KL
KRONO [s],176,Digital Services,176.KL
WTHORSE [s],5009,Building Materials,5009.KL
JAKS [s],4723,Construction,4723.KL
UEMS [s],5148,Property,5148.KL
VARIA [s],5006,Construction,5006.KL
MPHBCAP,5237,Property,5237.KL
AJIYA [s],7609,Building Materials,7609.KL
PGB [s],91,"Energy, Infrastructure, Equipment & Services",91.KL
TTVHB [s],272,Semiconductors,272.KL
MATANG,189,Plantation,189.KL
NADIBHD [s],206,Construction,206.KL
MKLAND [s],8893,Property,8893.KL
GBGAQRS [s],5226,Construction,5226.KL
TASHIN [s],211,Metals,211.KL
MUHIBAH [s],5703,Construction,5703.KL
LUSTER [s],5068,"Industrial Materials, Components & Equipment",5068.KL
L&G [s],3174,Property,3174.KL
DNEX [s],4456,Digital Services,4456.KL
TMK [s],5330,Chemicals,5330.KL
MINOX [s],288,"Industrial Materials, Components & Equipment",288.KL
CJCEN,7117,Transportation & Logistics Services,7117.KL
AMLEX [s],3011,Semiconductors,3011.KL
SYCAL,9717,Construction,9717.KL
KNUSFOR [s],5035,Industrial Services,5035.KL
SKYGATE,7249,Property,7249.KL
CYL [s],7157,Packaging Materials,7157.KL
GADANG [s],9261,Construction,9261.KL
ICAP,5108,Closed End Fund,5108.KL
EMETALL [s],7217,Metals,7217.KL
ABLEGRP [s],7086,Building Materials,7086.KL
MELEWAR [s],3778,Metals,3778.KL
PUNCAK [s],6807,Construction,6807.KL
PEB [s],5622,Construction,5622.KL
ARREIT,5127,Real Estate Investment Trusts,5127.KL
ESCERAM [s],100,"Industrial Materials, Components & Equipment",100.KL
SBCCORP [s],5207,Property,5207.KL
SEACERA [s],7073,Building Materials,7073.KL
CHINWEL [s],5007,"Industrial Materials, Components & Equipment",5007.KL
ICON [s],5255,"Energy, Infrastructure, Equipment & Services",5255.KL
SUBUR,6904,Wood & Wood Products,6904.KL
SDCG [s],321,Industrial Services,321.KL
MITRA [s],9571,Construction,9571.KL
MSM [s],5202,Food & Beverages,5202.KL
PRIVA [s],123,Telecommunications Equipment,123.KL
LOTUS [s],8303,Food & Beverages,8303.KL
IWCITY [s],1589,Property,1589.KL
TOPGLOV [s],7113,Health Care Equipment & Services,7113.KL
AUTORIS,3059,Other Financials,3059.KL
DIN045801028 [s],0400GB,Islamic GG,0400GB.KL
KOPI,338,",",338.KL
ALLIANZ-PA,1163PA,Insurance,1163PA.KL
CBHB,339,",",339.KL
HPI [s],3060,Building Materials,3060.KL
EQ8WAQF [s],0839EA,Equity Fund,0839EA.KL
NORTHERN,340,",",340.KL
OMH [s],5298,Metals,5298.KL
TPTEC,3061,Industrial Services,3061.KL
FBMKLCI-EA,0820EA,Equity Fund,0820EA.KL
SCOMIES [s],7045,"Energy, Infrastructure, Equipment & Services",7045.KL
GPP [s],3029,Industrial Services,3029.KL
IREKA [s],8834,Construction,8834.KL
JAGAAPP,3002,Digital Services,3002.KL
CARZO [s],3048,Food & Beverages,3048.KL
SAPNRG [s],5218,"Energy, Infrastructure, Equipment & Services",5218.KL
SCABLE [s],5170,"Industrial Materials, Components & Equipment",5170.KL
ALAM [s],5115,"Energy, Infrastructure, Equipment & Services",5115.KL
CAPITALA [s],5099,"Travel, Leisure & Hospitality",5099.KL
PHARMA [s],7081,Pharmaceuticals,7081.KL
KHEESAN,6203,Food & Beverages,6203.KL
ABFMY1,0800EA,Bond Fund,0800EA.KL
PASDEC [s],6912,Property,6912.KL
ASDION [s],68,Software,68.KL
KGW [s],282,Transportation & Logistics Services,282.KL
FIHB [s],8605,Houshold Goods,8605.KL
OVERSEA,153,"Travel, Leisure & Hospitality",153.KL
LEBTECH [s],9628,Construction,9628.KL
DUTALND,3948,Plantation,3948.KL
DFCITY [s],5165,Building Materials,5165.KL
KTI [s],308,Property,308.KL
NTPM [s],5066,Houshold Goods,5066.KL
HWATAI [s],8478,Food & Beverages,8478.KL
EMICO [s],9091,Consumer Services,9091.KL
GOPENG,2135,Plantation,2135.KL
PTARAS [s],9598,Construction,9598.KL
OASIS,5265,"Industrial Materials, Components & Equipment",5265.KL
ALCOM [s],2674,Metals,2674.KL
Y&G [s],7003,Property,7003.KL
WCT [s],9679,Construction,9679.KL
BJASSET,3239,Property,3239.KL
CLASSITA,7154,Personal Goods,7154.KL
HEXRTL [s],7202,Houshold Goods,7202.KL
PAOS [s],5022,Houshold Goods,5022.KL
INCKEN [s],2607,Plantation,2607.KL
UPA [s],7757,Consumer Services,7757.KL
ROHAS [s],9741,Industrial Engineering,9741.KL
MMSV [s],113,Technology Equipment,113.KL
HEXCAP [s],35,Telecommunications Equipment,35.KL
BERTAM [s],9814,Property,9814.KL
SEAL [s],4286,Property,4286.KL
SYMLIFE [s],1538,Property,1538.KL
FOCUS,116,"Travel, Leisure & Hospitality",116.KL
LANDMRK,1643,"Travel, Leisure & Hospitality",1643.KL
RL [s],219,"Energy, Infrastructure, Equipment & Services",219.KL
VTC [s],319,Digital Services,319.KL
AYS [s],5021,Building Materials,5021.KL
AXTERIA [s],7120,Property,7120.KL
AGRICOR [s],309,Food & Beverages,309.KL
HEVEA [s],5095,Wood & Wood Products,5095.KL
KESM [s],9334,Semiconductors,9334.KL
TEXCHEM [s],8702,Diversified Industrials,8702.KL
NHB [s],5614,Transportation & Logistics Services,5614.KL
MUDA [s],3883,Packaging Materials,3883.KL
TONGHER [s],5010,Metals,5010.KL
CWG [s],9423,Consumer Services,9423.KL
ECM,2143,Other Financials,2143.KL
TIMWELL [s],7854,Wood & Wood Products,7854.KL
CHOOBEE [s],5797,Metals,5797.KL
ENCORP [s],6076,Property,6076.KL
CHUAN [s],7016,Building Materials,7016.KL
GLBHD [s],7382,Plantation,7382.KL
CANONE,5105,Packaging Materials,5105.KL
HWGB [s],9601,"Industrial Materials, Components & Equipment",9601.KL
MUIPROP [s],3913,Property,3913.KL
BPURI [s],5932,Construction,5932.KL
MBN,280,Consumer Services,280.KL
YEWLEE [s],248,"Industrial Materials, Components & Equipment",248.KL
ADVENTA [s],7191,Health Care Equipment & Services,7191.KL
PHB,4464,Property,4464.KL
SG [s],5157,Food & Beverages,5157.KL
CNOUHUA,5188,Food & Beverages,5188.KL
WTK [s],4243,Wood & Wood Products,4243.KL
EVERGRN [s],5101,Wood & Wood Products,5101.KL
SCB [s],316,Food & Beverages,316.KL
EWINT,5283,Property,5283.KL
SOLUTN [s],93,Digital Services,93.KL
XDL,5156,Personal Goods,5156.KL
PARKSON [s],5657,Retailers,5657.KL
GBAY [s],9148,Packaging Materials,9148.KL
AVI [s],8885,"Travel, Leisure & Hospitality",8885.KL
PJBUMI [s],7163,Industrial Services,7163.KL
WOODLAN [s],7025,Wood & Wood Products,7025.KL
CNH [s],5104,Consumer Services,5104.KL
REKATECH [s],81,Industrial Services,81.KL
SALCON [s],8567,"Gas, Water & Multi-Utilities",8567.KL
SEEHUP [s],7053,Transportation & Logistics Services,7053.KL
BJLAND,4219,"Travel, Leisure & Hospitality",4219.KL
WATTA [s],7226,Auto Parts,7226.KL
THETA [s],9075,Digital Services,9075.KL
MALAKOF [s],5264,Electricity,5264.KL
LIENHOE,3573,Property,3573.KL
FITTERS [s],9318,"Industrial Materials, Components & Equipment",9318.KL
GUH [s],3247,"Industrial Materials, Components & Equipment",3247.KL
SMI [s],4375,Property,4375.KL
G3 [s],7184,Personal Goods,7184.KL
OCR [s],7071,Construction,7071.KL
COMPUGT [s],5037,Industrial Services,5037.KL
EKSONS,9016,Wood & Wood Products,9016.KL
TOYOVEN [s],7173,Chemicals,7173.KL
MUDAJYA [s],5085,Construction,5085.KL
CFM,8044,Industrial Services,8044.KL
CORAZA [s],240,Industrial Engineering,240.KL
GDEX [s],78,Transportation & Logistics Services,78.KL
CHINAETF-USD,0829EB,Equity Fund,0829EB.KL
PARKWD [s],2682,Property,2682.KL
TRIVE [s],118,Technology Equipment,118.KL
ANNJOO [s],6556,Metals,6556.KL
WIDAD [s],162,Construction,162.KL
MILUX,7935,Houshold Goods,7935.KL
XIN,7043,Building Materials,7043.KL
CME [s],7018,Industrial Services,7018.KL
TUNEPRO,5230,Insurance,5230.KL
OLYMPIA,3018,"Travel, Leisure & Hospitality",3018.KL
COMFORT [s],2127,"Industrial Materials, Components & Equipment",2127.KL
IQGROUP,5107,Houshold Goods,5107.KL
KSSC [s],5192,"Industrial Materials, Components & Equipment",5192.KL
COASTAL,5071,"Energy, Infrastructure, Equipment & Services",5071.KL
AASIA [s],7054,Plantation,7054.KL
GREENYB [s],136,Agricultural Products,136.KL
BENALEC [s],5190,Construction,5190.KL
YNHPROP [s],3158,Property,3158.KL
MAA,1198,Insurance,1198.KL
SGBHD [s],3033,Industrial Services,3033.KL
PINEPAC,1902,Plantation,1902.KL
KAMDAR [s],8672,Retailers,8672.KL
PLS,9695,Plantation,9695.KL
WARISAN,5016,"Travel, Leisure & Hospitality",5016.KL
KHJB [s],210,Retailers,210.KL
PERTAMA [s],8532,Personal Goods,8532.KL
SUPERMX,7106,Health Care Equipment & Services,7106.KL
ALRICH [s],79,Software,79.KL
MERIDIAN [s],5040,Property,5040.KL
RENEUCO [s],7130,Personal Goods,7130.KL
MENTIGA [s],5223,Plantation,5223.KL
SERNKOU [s],7180,Houshold Goods,7180.KL
ECONBHD [s],5253,Construction,5253.KL
DNONCE [s],7114,Packaging Materials,7114.KL
SWSCAP [s],7186,Houshold Goods,7186.KL
CEPCO [s],8435,Building Materials,8435.KL
EKOVEST [s],8877,Construction,8877.KL
CHEETAH [s],7209,Personal Goods,7209.KL
NIHSIN [s],7215,Houshold Goods,7215.KL
MIECO [s],5001,Wood & Wood Products,5001.KL
SAPRES [s],4596,Property,4596.KL
MMM [s],159,Media,159.KL
CRESBLD [s],8591,Construction,8591.KL
EIG [s],5081,Personal Goods,5081.KL
BSLCORP [s],7221,Metals,7221.KL
XINHWA [s],5267,Transportation & Logistics Services,5267.KL
VSOLAR [s],66,Software,66.KL
FARLIM [s],6041,Property,6041.KL
PERMAJU [s],7080,Automotive,7080.KL
ENGKAH [s],7149,Houshold Goods,7149.KL
AXJ-REITSETF,0837EA,Equity Fund,0837EA.KL
KANGER [s],170,Houshold Goods,170.KL
NEXGRAM [s],96,Telecommunications Equipment,96.KL
TCHONG [s],4405,Automotive,4405.KL
FLBHD [s],5197,Wood & Wood Products,5197.KL
SSTEEL,5665,Metals,5665.KL
XOX [s],165,Telecommunications Service Providers,165.KL
FINTEC,150,Other Financials,150.KL
MEDIAC [s],5090,Media,5090.KL
CAREPLS [s],163,Health Care Equipment & Services,163.KL
TAGHILL [s],241,Construction,241.KL
MNC,103,Telecommunications Equipment,103.KL
BTM,7188,Wood & Wood Products,7188.KL
JHM [s],127,Semiconductors,127.KL
CYPARK [s],5184,Industrial Services,5184.KL
MLAB,85,Technology Equipment,85.KL
LCTITAN [s],5284,Chemicals,5284.KL
HEXCARE [s],7803,Health Care Equipment & Services,7803.KL
TECHBASE [s],8966,Personal Goods,8966.KL
JOHAN,3441,Other Financials,3441.KL
MQTECH [s],70,Semiconductors,70.KL
ESAFE [s],190,Auto Parts,190.KL
TJSETIA [s],5297,Construction,5297.KL
PICORP [s],7201,Industrial Services,7201.KL
PENSONI [s],9997,Houshold Goods,9997.KL
AFUJIYA [s],5198,Auto Parts,5198.KL
NP,3045,Digital Services,3045.KL
ARKA [s],7218,Transportation & Logistics Services,7218.KL
GKENT,3204,Construction,3204.KL
SYSTECH [s],50,Software,50.KL
PERSTIM [s],5436,Metals,5436.KL
GOINNO [s],3028,Metals,3028.KL
EQ8SID [s],0825EA,Equity Fund,0825EA.KL
AIZO [s],7219,Building Materials,7219.KL
MPIRE [s],7943,Houshold Goods,7943.KL
KIMHIN [s],5371,Building Materials,5371.KL
ASTEEL [s],7020,Metals,7020.KL
MAGMA [s],7243,Food & Beverages,7243.KL
PRG [s],7168,Personal Goods,7168.KL
JSB [s],5673,Industrial Services,5673.KL
MPAY [s],156,Software,156.KL
LKL [s],182,Health Care Equipment & Services,182.KL
JOE,7096,Auto Parts,7096.KL
SCNWOLF [s],7239,Building Materials,7239.KL
WCEHB,3565,Construction,3565.KL
REVENUE [s],200,Digital Services,200.KL
TAWIN [s],7097,Metals,7097.KL
RALCO [s],7498,Chemicals,7498.KL
MJPERAK [s],8141,Property,8141.KL
ARBB [s],7181,Software,7181.KL
N2N [s],108,Software,108.KL
KGROUP [s],36,Technology Equipment,36.KL
PLB [s],7055,Property,7055.KL
ASIAPLY [s],105,Chemicals,105.KL
BINACOM [s],195,Telecommunications Service Providers,195.KL
SEDANIA [s],178,Consumer Services,178.KL
VIS,120,Semiconductors,120.KL
TROP [s],5401,Property,5401.KL
GCE,5592,"Travel, Leisure & Hospitality",5592.KL
PASUKGB [s],177,Industrial Engineering,177.KL
NICE [s],7139,Personal Goods,7139.KL
TALAMT [s],2259,Property,2259.KL
GOCEAN,74,Food & Beverages,74.KL
IHB [s],7240,Construction,7240.KL
EAH,154,Digital Services,154.KL
AURO,5025,Wood & Wood Products,5025.KL
CHHB [s],5738,Property,5738.KL
QUALITY,7544,Building Materials,7544.KL
VINVEST [s],69,Software,69.KL
SMILE [s],3023,Health Care Providers,3023.KL
ECA [s],267,Technology Equipment,267.KL
MUIIND,3891,"Travel, Leisure & Hospitality",3891.KL
NYLEX,4944,Chemicals,4944.KL
PARLO [s],22,"Travel, Leisure & Hospitality",22.KL
YB [s],5048,Building Materials,5048.KL
NOVAMSC [s],26,Software,26.KL
ASB [s],1481,"Travel, Leisure & Hospitality",1481.KL
ANNUM [s],5082,Wood & Wood Products,5082.KL
GCAP [s],7676,Transportation & Logistics Services,7676.KL
TCS [s],221,Construction,221.KL
WONG [s],7050,"Industrial Materials, Components & Equipment",7050.KL
KLCI2XL,0834EA,",",0834EA.KL
ZENTECH [s],94,Software,94.KL
YBS [s],25,"Industrial Materials, Components & Equipment",25.KL
ANCOMLB [s],48,Transportation & Logistics Services,48.KL
ITRONIC [s],9393,Technology Equipment,9393.KL
AEMULUS [s],181,Technology Equipment,181.KL
IVORY [s],5175,Property,5175.KL
PINEAPP,6,Digital Services,6.KL
EQ8MID [s],0824EA,Equity Fund,0824EA.KL
INNITY,147,Media,147.KL
BORNOIL [s],7036,Industrial Services,7036.KL
MTRONIC [s],43,Industrial Services,43.KL
BOXPAK,6297,Packaging Materials,6297.KL
HEXTECH [s],5136,Transportation & Logistics Services,5136.KL
XOXNET,140,Consumer Services,140.KL
HONGSENG,41,Software,41.KL
MTOUCHE,92,Telecommunications Service Providers,92.KL
MAXLAND [s],7123,Wood & Wood Products,7123.KL
SMCAP [s],9776,Agricultural Products,9776.KL
FAST [s],84,"Industrial Materials, Components & Equipment",84.KL
SCOPE [s],28,"Industrial Materials, Components & Equipment",28.KL
EURO [s],7208,Consumer Services,7208.KL
PNEPCB [s],6637,"Industrial Materials, Components & Equipment",6637.KL
MERCURY [s],8192,Construction,8192.KL
THRIVEN [s],7889,Property,7889.KL
P&O,6009,Insurance,6009.KL
HBGLOB,5187,Food & Beverages,5187.KL
1TECH,3041,Software,3041.KL
UNIWALL [s],3017,Construction,3017.KL
SCBUILD [s],109,Construction,109.KL
AIM,122,Industrial Services,122.KL
SMTRACK,169,Technology Equipment,169.KL
TOMYPAK,7285,Packaging Materials,7285.KL
AHB [s],7315,Consumer Services,7315.KL
BIOHLDG [s],179,Food & Beverages,179.KL
CHINAETF-MYR,0829EA,Equity Fund,0829EA.KL
ONEGLOVE [s],5079,"Travel, Leisure & Hospitality",5079.KL
ATAIMS [s],8176,"Industrial Materials, Components & Equipment",8176.KL
EDUSPEC [s],107,Software,107.KL
CNASIA,7986,"Industrial Materials, Components & Equipment",7986.KL
MAGNA [s],7617,Property,7617.KL
OVH [s],220,"Energy, Infrastructure, Equipment & Services",220.KL
ADVCON,5281,Construction,5281.KL
TECHNAX [s],2739,Other Energy Resources,2739.KL
MMAG [s],34,Digital Services,34.KL
EQ8MY25 [s],0821EA,Equity Fund,0821EA.KL
BCMALL [s],187,Industrial Services,187.KL
NETX,20,Software,20.KL
DCHCARE,283,Health Care Providers,283.KL
BJFOOD [s],5196,"Travel, Leisure & Hospitality",5196.KL
AEM,7146,"Industrial Materials, Components & Equipment",7146.KL
TDEX [s],132,Software,132.KL
SAFETY,3056,"Industrial Materials, Components & Equipment",3056.KL
GPACKET [s],82,Telecommunications Service Providers,82.KL
CHINA100-MYR [s],0838EA,Equity Fund,0838EA.KL
HOHUP [s],5169,Construction,5169.KL
KEYASIC [s],143,Semiconductors,143.KL
JADI [s],7223,Consumer Services,7223.KL
BVLH [s],3042,Construction,3042.KL
GIIB [s],7192,Auto Parts,7192.KL
JIANKUN [s],8923,Property,8923.KL
LIONIND [s],4235,Metals,4235.KL
CGB [s],8052,Packaging Materials,8052.KL
KOMARK [s],7017,Packaging Materials,7017.KL
EXSIMHB [s],1287,"Travel, Leisure & Hospitality",1287.KL
HLT [s],188,"Industrial Materials, Components & Equipment",188.KL
ENRA [s],8613,Property,8613.KL
TFP,145,Digital Services,145.KL
PAM-C50,0823EA,Equity Fund,0823EA.KL
ERDASAN [s],72,"Industrial Materials, Components & Equipment",72.KL
SEERS [s],3009,Houshold Goods,3009.KL
MGRC [s],155,Health Care Equipment & Services,155.KL
PUC [s],7,Media,7.KL
POS [s],4634,Transportation & Logistics Services,4634.KL
HENGYUAN [s],4324,Oil & Gas Producers,4324.KL
PMCORP [s],4081,"Travel, Leisure & Hospitality",4081.KL
EIB [s],255,Industrial Engineering,255.KL
ICONIC [s],9113,"Travel, Leisure & Hospitality",9113.KL
PESTECH [s],5219,Industrial Engineering,5219.KL
SANICHI,133,"Industrial Materials, Components & Equipment",133.KL
ARTRONIQ [s],38,Chemicals,38.KL
DATAPRP [s],8338,Digital Services,8338.KL
LYC [s],75,Health Care Providers,75.KL
SALUTE [s],183,Personal Goods,183.KL
KNM,7164,Other Energy Resources,7164.KL
AORB [s],3051,Agricultural Products,3051.KL
EVD [s],174,Software,174.KL
RSENA,5270,Special Purpose Acquisition Company,5270.KL
DESTINI [s],7212,Industrial Engineering,7212.KL
MICROLN [s],126,Digital Services,126.KL
APB,5568,Industrial Engineering,5568.KL
SINARAN [s],5172,Personal Goods,5172.KL
ECOHLDS [s],59,Telecommunications Service Providers,59.KL
ETH [s],3021,Consumer Services,3021.KL
CLOUD [s],3001,Digital Services,3001.KL
PBSB,5231,Consumer Services,5231.KL
SNTORIA,5213,Property,5213.KL
BHIC [s],8133,Transportation Equipment,8133.KL
REACH,5256,Oil & Gas Producers,5256.KL
HANDAL [s],7253,"Energy, Infrastructure, Equipment & Services",7253.KL
OMESTI [s],9008,Digital Services,9008.KL
DIGISTA,29,Digital Services,29.KL
DGB,152,Software,152.KL
MCOM,3022,Digital Services,3022.KL
TXCD [s],7145,Construction,7145.KL